{
  "WorkItem": {
    "AffectedComponent": {
      "Name": "",
      "DisplayName": ""
    },
    "ClosedComment": "",
    "ClosedDate": "2012-09-21T19:34:50.86-07:00",
    "CommentCount": 0,
    "Custom": null,
    "Description": "The CodePlex RSS feeds seem to be restricted to showing only the latest 20 items.\n \nFor example:\n \nhttp://servicemon.codeplex.com/project/feeds/rss?ProjectRSSFeed=codeplex%3a%2f%2frelease%2fservicemon\n \nI have verified this with another project also (http://stickytweets.codeplex.com/)\n \nUnfortunately, this makes it difficult for our project (ServiceMon) from using the CPNewReleaseChecker to check for new version (which is a shame, because it looks like a really useful library).\n \nServiceMon uses a continuous build server which automatically builds and uploads an alpha release every time code is committed. Once a version has been thoroughly tested we'll mark it as \"Recommended\" - meaning it is considered to be stable. However, there may have been more than 20 alpha releases in between  stable versions. To use the Version Check library we'd have to ensure we never had more than 20 builds between Stable releases. \n \nIs there a way that your library could request the full list from CodePlex?",
    "LastUpdatedDate": "2013-05-13T22:07:13.197-07:00",
    "PlannedForRelease": "",
    "ReleaseVisibleToPublic": false,
    "Priority": {
      "Name": "Low",
      "Severity": 50,
      "Id": 1
    },
    "ProjectName": "CPNewReleaseChecker",
    "ReportedDate": "2012-09-17T06:36:26.71-07:00",
    "Status": {
      "Name": "Closed",
      "Id": 4
    },
    "ReasonClosed": {
      "Name": "Unassigned"
    },
    "Summary": "Feed contains maximum of 20 items",
    "Type": {
      "Name": "Issue",
      "Id": 3
    },
    "VoteCount": 1,
    "Id": 9641
  },
  "FileAttachments": [],
  "Comments": [
    {
      "Message": "I think I found a solution, I'll give it a shot and let you know in a couple of days.",
      "PostedDate": "2012-09-18T21:25:33.57-07:00",
      "Id": -2147483648
    },
    {
      "Message": "Resolved with changeset 69459: I seperated out the logic for pulling release names and links from VersionChecker.  Now there is an interface and two implementations of it.  One still uses the RSS feed while the other screen scrapes the downloads page.  Example code has been updated to show how to use this new approach on the home page.",
      "PostedDate": "2012-09-21T19:34:50.86-07:00",
      "Id": -2147483648
    },
    {
      "Message": "I've downloaded the latest version and can confirm it's working for me. Thanks!",
      "PostedDate": "2012-09-23T15:00:53.887-07:00",
      "Id": -2147483648
    },
    {
      "Message": "",
      "PostedDate": "2013-02-01T16:34:14.903-08:00",
      "Id": -2147483648
    },
    {
      "Message": "",
      "PostedDate": "2013-05-13T22:07:13.197-07:00",
      "Id": -2147483648
    }
  ]
}