{
  "WorkItem": {
    "AffectedComponent": {
      "Name": "",
      "DisplayName": ""
    },
    "ClosedComment": "",
    "ClosedDate": "2012-10-26T19:56:08.34-07:00",
    "CommentCount": 0,
    "Custom": null,
    "Description": "The release's name (e.g. \"ServiceMon Release 0.9.0.44\") is not exposed by the Release object. It does seem to have been retrieved correctly, and the underlying _baseItem and _cpRelease store it, but it just isn't exposed on the Release object itself.\nFor ServiceMon version checking we can't rely on the release date, because it is common for us to have several (alpha) releases on the same day, so we incorporate the version number into the name.",
    "LastUpdatedDate": "2017-12-09T10:24:40.843-08:00",
    "PlannedForRelease": "",
    "ReleaseVisibleToPublic": false,
    "Priority": {
      "Name": "Low",
      "Severity": 50,
      "Id": 1
    },
    "ProjectName": "CPNewReleaseChecker",
    "ReportedDate": "2012-09-23T15:08:28.897-07:00",
    "Status": {
      "Name": "Closed",
      "Id": 4
    },
    "ReasonClosed": {
      "Name": "Unassigned"
    },
    "Summary": "Release's \"Name\" is not publicly available",
    "Type": {
      "Name": "Issue",
      "Id": 3
    },
    "VoteCount": 1,
    "Id": 9656
  },
  "FileAttachments": [],
  "Comments": [
    {
      "Message": "Thanks for letting me know, I'll take care of it.",
      "PostedDate": "2012-09-24T13:25:03.713-07:00",
      "Id": -2147483648
    },
    {
      "Message": "Thanks for letting me know, I'll take care of it.",
      "PostedDate": "2012-09-24T13:25:13.18-07:00",
      "Id": -2147483648
    },
    {
      "Message": "",
      "PostedDate": "2012-09-24T13:35:44.723-07:00",
      "Id": -2147483648
    },
    {
      "Message": "Resolved with changeset 70501: Added public getter for the Release name",
      "PostedDate": "2012-10-26T19:56:08.34-07:00",
      "Id": -2147483648
    },
    {
      "Message": "",
      "PostedDate": "2013-02-01T16:34:14.317-08:00",
      "Id": -2147483648
    },
    {
      "Message": "",
      "PostedDate": "2013-05-13T22:07:12.663-07:00",
      "Id": -2147483648
    },
    {
      "Message": "",
      "PostedDate": "2017-12-09T10:24:40.843-08:00",
      "Id": -2147483648
    }
  ]
}