[
  {
    "Id": "0",
    "Name": "CodePlex New Release Checker v1.0",
    "DevelopmentStatus": "Stable",
    "Description": "This is the first version of the CodePlex New Release Checker.",
    "ReleasedDatge": "0001-01-01T00:00:00",
    "ModifiedDate": "2012-09-05T21:00:14.527-07:00",
    "Files": [
      {
        "Id": "e89cebc7-7d90-4f9e-a93d-b5162e63490f",
        "FileName": "CodePlexNewReleaseChecker.zip",
        "Url": "./0/e89cebc7-7d90-4f9e-a93d-b5162e63490f",
        "Type": "Application",
        "UploadDate": "2012-09-05T21:00:02.34-07:00"
      }
    ]
  },
  {
    "Id": "1",
    "Name": "CodePlex New Release Checker v1.0.1",
    "DevelopmentStatus": "Stable",
    "Description": "Updated to allow either RSS feed checking or using a screen scrape of the Downloads page.  This was to provide a resolution to Issue [url:http://cpnewreleasechecker.codeplex.com/workitem/9641].  See the updated examples on the home page.",
    "ReleasedDatge": "0001-01-01T00:00:00",
    "ModifiedDate": "2012-09-21T19:40:40.123-07:00",
    "Files": [
      {
        "Id": "fdc07965-d312-4be5-a8af-5359a98d3eba",
        "FileName": "CodePlexNewReleaseChecker_v1.0.1.zip",
        "Url": "./1/fdc07965-d312-4be5-a8af-5359a98d3eba",
        "Type": "Application",
        "UploadDate": "2012-09-21T19:40:39.983-07:00"
      }
    ]
  }
]