[
  {
    "Id": "0",
    "Name": "AppleScript Slim",
    "DevelopmentStatus": "Stable",
    "Description": "Initial Release (only difference between this and the code is that /unsafe has been enabled so I could build a release version).",
    "ReleasedDatge": "0001-01-01T00:00:00",
    "ModifiedDate": "2012-06-01T21:10:29.433-07:00",
    "Files": [
      {
        "Id": "dae68b42-5c73-42bd-b6a7-9c067879bf96",
        "FileName": "AppleScriptSlim.zip",
        "Url": "./0/dae68b42-5c73-42bd-b6a7-9c067879bf96",
        "Type": "Application",
        "UploadDate": "2012-06-01T21:10:29.323-07:00"
      }
    ]
  }
]